{
  "model_type": "random_forest",
  "period": 5,
  "test_year": 2017.0,
  "metrics": {
    "rmse": 12.712351698836462,
    "mae": 5.068946526644279,
    "r2": 0.9013657827538947
  },
  "best_params": {
    "n_estimators": 152,
    "max_depth": 28,
    "min_samples_split": 10,
    "min_samples_leaf": 1,
    "max_features": null
  },
  "timestamp": "2025-06-29T20:34:15.120209",
  "feature_importance": [
    [
      "desmatamento_lag1",
      0.24597038528783235
    ],
    [
      "desmatamento_ma3",
      0.1822640946647641
    ],
    [
      "area_normalizada",
      0.11997862780758736
    ],
    [
      "ibama_autos_flora",
      0.10107387393132788
    ],
    [
      "\u00c1rea (km\u00b2)",
      0.09035444475647557
    ],
    [
      "desmatamento_crescimento",
      0.06098294924563588
    ],
    [
      "ibama_total_autos",
      0.04129885590386634
    ],
    [
      "ibama_valor_total_multas",
      0.04005453478082452
    ],
    [
      "Necessidades Humanas B\u00e1sicas",
      0.028996690965658736
    ],
    [
      "ano_normalizado",
      0.023314361064923943
    ],
    [
      "ibama_valor_medio_multas",
      0.017635118022307716
    ],
    [
      "Fundamentos do Bem-estar",
      0.014551652695594415
    ],
    [
      "Popula\u00e7\u00e3o 2022",
      0.010659147671792001
    ],
    [
      "PIB per capita 2021",
      0.00852112440067081
    ],
    [
      "\u00cdndice de Progresso Social",
      0.007627943837477
    ],
    [
      "Oportunidades",
      0.0044405282856627695
    ],
    [
      "periodo_presidencial_encoded",
      0.002122939474513143
    ],
    [
      "ano_transicao",
      0.00015272720308550554
    ]
  ]
}