{
  "model_type": "random_forest",
  "period": 3,
  "test_year": 2015.0,
  "metrics": {
    "rmse": 9.814087917700098,
    "mae": 4.656634059521235,
    "r2": 0.943605125930814
  },
  "best_params": {
    "n_estimators": 315,
    "max_depth": 20,
    "min_samples_split": 8,
    "min_samples_leaf": 2,
    "max_features": null
  },
  "timestamp": "2025-06-29T20:33:11.148089",
  "feature_importance": [
    [
      "desmatamento_lag1",
      0.1848582003935502
    ],
    [
      "desmatamento_ma3",
      0.1628850965733826
    ],
    [
      "area_normalizada",
      0.11485615146356773
    ],
    [
      "ibama_autos_flora",
      0.09980337187489167
    ],
    [
      "\u00c1rea (km\u00b2)",
      0.08764893870273595
    ],
    [
      "ibama_valor_total_multas",
      0.06916737031109363
    ],
    [
      "ibama_total_autos",
      0.06746166945642657
    ],
    [
      "desmatamento_crescimento",
      0.058114071186410404
    ],
    [
      "ano_normalizado",
      0.037894153538596966
    ],
    [
      "Necessidades Humanas B\u00e1sicas",
      0.029579916207627843
    ],
    [
      "ibama_valor_medio_multas",
      0.025776841488041248
    ],
    [
      "\u00cdndice de Progresso Social",
      0.01595277330448339
    ],
    [
      "Fundamentos do Bem-estar",
      0.013600855869141924
    ],
    [
      "PIB per capita 2021",
      0.012316057479412557
    ],
    [
      "Popula\u00e7\u00e3o 2022",
      0.010172240697162946
    ],
    [
      "Oportunidades",
      0.006273712578562913
    ],
    [
      "periodo_presidencial_encoded",
      0.003377442744912382
    ],
    [
      "ano_transicao",
      0.0002611361299991751
    ]
  ]
}