{
  "model_type": "random_forest",
  "period": 9,
  "test_year": 2021.0,
  "metrics": {
    "rmse": 28.340215812653426,
    "mae": 6.25840469117799,
    "r2": 0.9225033970577148
  },
  "best_params": {
    "n_estimators": 376,
    "max_depth": 13,
    "min_samples_split": 10,
    "min_samples_leaf": 1,
    "max_features": null
  },
  "timestamp": "2025-06-29T20:36:49.572958",
  "feature_importance": [
    [
      "desmatamento_lag1",
      0.48399406975949405
    ],
    [
      "desmatamento_ma3",
      0.11133447578035717
    ],
    [
      "desmatamento_crescimento",
      0.10822231081883617
    ],
    [
      "\u00c1rea (km\u00b2)",
      0.06606314420370998
    ],
    [
      "area_normalizada",
      0.06209120258704189
    ],
    [
      "ibama_autos_flora",
      0.03941806069913247
    ],
    [
      "ibama_valor_total_multas",
      0.03142797035037182
    ],
    [
      "ibama_valor_medio_multas",
      0.02676218501335865
    ],
    [
      "ano_normalizado",
      0.01825308196081566
    ],
    [
      "ibama_total_autos",
      0.017740612453075226
    ],
    [
      "Necessidades Humanas B\u00e1sicas",
      0.010329617353205263
    ],
    [
      "\u00cdndice de Progresso Social",
      0.008627828694305383
    ],
    [
      "Oportunidades",
      0.0037758195212804053
    ],
    [
      "periodo_presidencial_encoded",
      0.003761362692369088
    ],
    [
      "PIB per capita 2021",
      0.0034930056641940843
    ],
    [
      "Fundamentos do Bem-estar",
      0.0024204415601977586
    ],
    [
      "Popula\u00e7\u00e3o 2022",
      0.0019064533222118436
    ],
    [
      "ano_transicao",
      0.00037835756604318103
    ]
  ]
}