{
  "model_type": "xgboost",
  "period": 2,
  "test_year": 2014.0,
  "metrics": {
    "rmse": 11.485593742118354,
    "mae": 4.267002142274462,
    "r2": 0.893069542990292
  },
  "best_params": {
    "n_estimators": 416,
    "max_depth": 6,
    "learning_rate": 0.10556195943172246,
    "subsample": 0.7091368663588642,
    "colsample_bytree": 0.7229350135810496,
    "reg_alpha": 3.5992487497314203,
    "reg_lambda": 7.60823122255437
  },
  "timestamp": "2025-06-29T20:42:50.839065",
  "feature_importance": [
    [
      "ibama_autos_flora",
      0.1766461879014969
    ],
    [
      "area_normalizada",
      0.17263120412826538
    ],
    [
      "Necessidades Humanas B\u00e1sicas",
      0.07823970913887024
    ],
    [
      "ibama_total_autos",
      0.06752419471740723
    ],
    [
      "periodo_presidencial_encoded",
      0.06658248603343964
    ],
    [
      "desmatamento_ma3",
      0.06302697211503983
    ],
    [
      "\u00c1rea (km\u00b2)",
      0.059385281056165695
    ],
    [
      "ibama_valor_total_multas",
      0.059165894985198975
    ],
    [
      "PIB per capita 2021",
      0.03872944414615631
    ],
    [
      "ano_normalizado",
      0.037949319928884506
    ],
    [
      "\u00cdndice de Progresso Social",
      0.03778836131095886
    ],
    [
      "desmatamento_crescimento",
      0.02693355083465576
    ],
    [
      "Fundamentos do Bem-estar",
      0.026002373546361923
    ],
    [
      "Popula\u00e7\u00e3o 2022",
      0.02472149021923542
    ],
    [
      "desmatamento_lag1",
      0.020096857100725174
    ],
    [
      "ibama_valor_medio_multas",
      0.01843847706913948
    ],
    [
      "Oportunidades",
      0.013622457161545753
    ],
    [
      "ano_transicao",
      0.012515725567936897
    ]
  ]
}