{
  "model_type": "xgboost",
  "period": 6,
  "test_year": 2018.0,
  "metrics": {
    "rmse": 14.470314661588322,
    "mae": 4.619242740636446,
    "r2": 0.9248312497018714
  },
  "best_params": {
    "n_estimators": 413,
    "max_depth": 5,
    "learning_rate": 0.20382180324403243,
    "subsample": 0.6964957304458361,
    "colsample_bytree": 0.9519252612355782,
    "reg_alpha": 4.946607320369334,
    "reg_lambda": 3.9769895906773844
  },
  "timestamp": "2025-06-29T20:43:18.489100",
  "feature_importance": [
    [
      "area_normalizada",
      0.25132670998573303
    ],
    [
      "desmatamento_lag1",
      0.1882583498954773
    ],
    [
      "ibama_autos_flora",
      0.10844624787569046
    ],
    [
      "\u00c1rea (km\u00b2)",
      0.09787135571241379
    ],
    [
      "ano_normalizado",
      0.06645312160253525
    ],
    [
      "ibama_valor_total_multas",
      0.05063158646225929
    ],
    [
      "desmatamento_ma3",
      0.048901576548814774
    ],
    [
      "desmatamento_crescimento",
      0.03327634185552597
    ],
    [
      "ibama_total_autos",
      0.030110418796539307
    ],
    [
      "Necessidades Humanas B\u00e1sicas",
      0.027424586936831474
    ],
    [
      "\u00cdndice de Progresso Social",
      0.026155604049563408
    ],
    [
      "Fundamentos do Bem-estar",
      0.02179168164730072
    ],
    [
      "ibama_valor_medio_multas",
      0.017299732193350792
    ],
    [
      "PIB per capita 2021",
      0.015606273896992207
    ],
    [
      "Popula\u00e7\u00e3o 2022",
      0.008359801024198532
    ],
    [
      "Oportunidades",
      0.003668449120596051
    ],
    [
      "periodo_presidencial_encoded",
      0.0030645697843283415
    ],
    [
      "ano_transicao",
      0.0013535748003050685
    ]
  ]
}