{
  "model_type": "random_forest",
  "period": 10,
  "test_year": 2022.0,
  "metrics": {
    "rmse": 10.898683347458112,
    "mae": 3.058380672481617,
    "r2": 0.9859444172062488
  },
  "best_params": {
    "n_estimators": 78,
    "max_depth": 21,
    "min_samples_split": 10,
    "min_samples_leaf": 2,
    "max_features": null
  },
  "timestamp": "2025-06-29T20:37:27.563177",
  "feature_importance": [
    [
      "desmatamento_lag1",
      0.595714233836367
    ],
    [
      "desmatamento_ma3",
      0.11347887305685016
    ],
    [
      "desmatamento_crescimento",
      0.09827523273578777
    ],
    [
      "area_normalizada",
      0.03735456103358133
    ],
    [
      "\u00c1rea (km\u00b2)",
      0.03154563911820631
    ],
    [
      "ibama_autos_flora",
      0.030434710003865054
    ],
    [
      "ibama_valor_total_multas",
      0.029808451423151017
    ],
    [
      "ano_normalizado",
      0.016343921613853722
    ],
    [
      "ibama_valor_medio_multas",
      0.013266259467795841
    ],
    [
      "ibama_total_autos",
      0.010413033461611852
    ],
    [
      "\u00cdndice de Progresso Social",
      0.00498916325488123
    ],
    [
      "PIB per capita 2021",
      0.004206093644510194
    ],
    [
      "Necessidades Humanas B\u00e1sicas",
      0.004205218288124134
    ],
    [
      "Fundamentos do Bem-estar",
      0.0034436388084751815
    ],
    [
      "periodo_presidencial_encoded",
      0.003116792368427743
    ],
    [
      "Oportunidades",
      0.0018421287269253569
    ],
    [
      "Popula\u00e7\u00e3o 2022",
      0.001433535701548775
    ],
    [
      "ano_transicao",
      0.0001285134560372603
    ]
  ]
}